URL,Base Directory,Path,Form,Form Entry,Presentation Template
http://www.nlm.nih.gov/about/donations.html,/iwmnt/default/main/nlm/WORKAREA/johnsonpd,htdocs/about/donations.html,templatedata/internet/main/datacapture.cfg,templatedata/internet/main/data/about/donations.dcr,templatedata/internet/main/presentation/nlm.tpl
http://www.nlm.nih.gov/about/index.html,/iwmnt/default/main/nlm/WORKAREA/johnsonpd,htdocs/about/index.html,templatedata/internet/main/datacapture.cfg,templatedata/internet/main/data/about/index.dcr,templatedata/internet/main/presentation/nlm.tpl
http://www.nlm.nih.gov/about/org.html,/iwmnt/default/main/nlm/WORKAREA/johnsonpd,htdocs/about/org.html,templatedata/internet/main/datacapture.cfg,templatedata/internet/main/data/about/org.dcr,templatedata/internet/main/presentation/nlm.tpl
http://www.nlm.nih.gov/about/visitor.html,/iwmnt/default/main/nlm/WORKAREA/johnsonpd,htdocs/about/visitor.html,templatedata/internet/main/datacapture.cfg,templatedata/internet/main/data/about/visitor.dcr,templatedata/internet/main/presentation/nlm.tpl
http://www.nlm.nih.gov/accessibility.html,/iwmnt/default/main/nlm/WORKAREA/johnsonpd,htdocs/accessibility.html,templatedata/internet/main/datacapture.cfg,templatedata/internet/main/data/accessibility.dcr,templatedata/internet/main/presentation/nlm.tpl
http://www.nlm.nih.gov/api/index.html,/iwmnt/default/main/nlm/WORKAREA/johnsonpd,htdocs/api/index.html,templatedata/internet/main/datacapture.cfg,templatedata/internet/main/data/api/index.dcr,templatedata/internet/main/presentation/nlm.tpl
http://www.nlm.nih.gov/biomedical.html,/iwmnt/default/main/nlm/WORKAREA/johnsonpd,htdocs/biomedical.html,templatedata/internet/main/datacapture.cfg,templatedata/internet/main/data/biomedical.dcr,templatedata/internet/main/presentation/nlm.tpl
http://www.nlm.nih.gov/bsd/bsdhome.html,/iwmnt/default/main/nlm/WORKAREA/johnsonpd,htdocs/bsd/bsdhome.html,templatedata/internet/main/datacapture.cfg,templatedata/internet/main/data/bsd/bsdhome.dcr,templatedata/internet/main/presentation/nlm.tpl
http://www.nlm.nih.gov/bsd/disted/pubmed.html,/iwmnt/default/main/nlm/WORKAREA/johnsonpd,htdocs/bsd/disted/pubmed.html,templatedata/internet/main/datacapture.cfg,templatedata/internet/main/data/bsd/disted/quicktours.dcr,templatedata/internet/main/presentation/nlm.tpl
http://www.nlm.nih.gov/bsd/disted/pubmedtutorial/cover.html,/iwmnt/default/main/nlm/WORKAREA/johnsonpd,htdocs/bsd/disted/pubmedtutorial/cover.html,templatedata/internet/trainingpage/datacapture.cfg,templatedata/internet/trainingpage/data/bsd/disted/pubmedtutorial/cover.dcr,templatedata/internet/trainingpage/presentation/trainingpage.tpl
http://www.nlm.nih.gov/bsd/indexhome.html,/iwmnt/default/main/nlm/WORKAREA/johnsonpd,htdocs/bsd/indexhome.html,templatedata/internet/main/datacapture.cfg,templatedata/internet/main/data/bsd/indexhome.dcr,templatedata/internet/main/presentation/nlm.tpl
http://www.nlm.nih.gov/bsd/pmresources.html,/iwmnt/default/main/nlm/WORKAREA/johnsonpd,htdocs/bsd/pmresources.html,templatedata/internet/main/datacapture.cfg,templatedata/internet/main/data/bsd/everything.dcr,templatedata/internet/main/presentation/nlm.tpl
http://www.nlm.nih.gov/careers/benefits.html,/iwmnt/default/main/nlm/WORKAREA/johnsonpd,htdocs/careers/benefits.html,templatedata/internet/main/datacapture.cfg,templatedata/internet/main/data/careers/benefits.dcr,templatedata/internet/main/presentation/nlm.tpl
http://www.nlm.nih.gov/careers/careers.html,/iwmnt/default/main/nlm/WORKAREA/johnsonpd,htdocs/careers/careers.html,templatedata/internet/careers/datacapture.cfg,templatedata/internet/careers/data/careers/careers.dcr,templatedata/internet/careers/presentation/careers.tpl
http://www.nlm.nih.gov/careers/descriptions.html,/iwmnt/default/main/nlm/WORKAREA/johnsonpd,htdocs/careers/descriptions.html,templatedata/internet/main/datacapture.cfg,templatedata/internet/main/data/careers/descriptions.dcr,templatedata/internet/main/presentation/nlm.tpl
http://www.nlm.nih.gov/careers/fellowshipsinternships.html,/iwmnt/default/main/nlm/WORKAREA/johnsonpd,htdocs/careers/fellowshipsinternships.html,templatedata/internet/main/datacapture.cfg,templatedata/internet/main/data/careers/fellowshipsinternships.dcr,templatedata/internet/main/presentation/nlm.tpl
http://www.nlm.nih.gov/careers/jobopenings.html,/iwmnt/default/main/nlm/WORKAREA/johnsonpd,htdocs/careers/jobopenings.html,templatedata/internet/main/datacapture.cfg,templatedata/internet/main/data/careers/jobopenings.dcr,templatedata/internet/main/presentation/nlm.tpl
http://www.nlm.nih.gov/careers/spotlight.html,/iwmnt/default/main/nlm/WORKAREA/johnsonpd,htdocs/careers/spotlight.html,templatedata/internet/main/datacapture.cfg,templatedata/internet/main/data/careers/spotlight.dcr,templatedata/internet/main/presentation/nlm.tpl
http://www.nlm.nih.gov/copyright.html,/iwmnt/default/main/nlm/WORKAREA/johnsonpd,htdocs/copyright.html,templatedata/internet/main/datacapture.cfg,templatedata/internet/main/data/copyright.dcr,templatedata/internet/main/presentation/nlm.tpl
http://www.nlm.nih.gov/ep/Grants.html,/iwmnt/default/main/nlm/WORKAREA/johnsonpd,htdocs/ep/Grants.html,templatedata/internet/main/datacapture.cfg,templatedata/internet/main/data/ep/Grants.dcr,templatedata/internet/main/presentation/nlm.tpl
http://www.nlm.nih.gov/grants.html,/iwmnt/default/main/nlm/WORKAREA/johnsonpd,htdocs/grants.html,templatedata/internet/main/datacapture.cfg,templatedata/internet/main/data/grants.dcr,templatedata/internet/main/presentation/nlm.tpl
http://www.nlm.nih.gov/healthit.html,/iwmnt/default/main/nlm/WORKAREA/johnsonpd,htdocs/healthit.html,templatedata/internet/main/datacapture.cfg,templatedata/internet/main/data/healthit.dcr,templatedata/internet/main/presentation/nlm.tpl
http://www.nlm.nih.gov/healthit/meaningful_use.html,/iwmnt/default/main/nlm/WORKAREA/johnsonpd,htdocs/healthit/meaningful_use.html,templatedata/internet/main/datacapture.cfg,templatedata/internet/main/data/healthit/meaningful_use.dcr,templatedata/internet/main/presentation/nlm.tpl
http://www.nlm.nih.gov/hinfo.html,/iwmnt/default/main/nlm/WORKAREA/johnsonpd,htdocs/hinfo.html,templatedata/internet/main/datacapture.cfg,templatedata/internet/main/data/hinfo.dcr,templatedata/internet/main/presentation/nlm.tpl
http://www.nlm.nih.gov/hmd/about/contactus.html,/iwmnt/default/main/nlm/WORKAREA/johnsonpd,htdocs/hmd/about/contactus.html,templatedata/internet/main/datacapture.cfg,templatedata/internet/main/data/hmd/about/contactus.dcr,templatedata/internet/main/presentation/nlm.tpl
http://www.nlm.nih.gov/hmd/about/exhibition/exhibitions.html,/iwmnt/default/main/nlm/WORKAREA/johnsonpd,htdocs/hmd/about/exhibition/exhibitions.html,templatedata/internet/exhibitionpage/datacapture.cfg,templatedata/internet/exhibitionpage/data/hmd/about/exhibition/exhibitions.dcr,templatedata/internet/exhibitionpage/presentation/exhibitionpage.tpl
http://www.nlm.nih.gov/hmd/about/index.html,/iwmnt/default/main/nlm/WORKAREA/johnsonpd,htdocs/hmd/about/index.html,templatedata/internet/main/datacapture.cfg,templatedata/internet/main/data/hmd/about/index.dcr,templatedata/internet/main/presentation/nlm.tpl
http://www.nlm.nih.gov/hmd/about/visitus.html,/iwmnt/default/main/nlm/WORKAREA/johnsonpd,htdocs/hmd/about/visitus.html,templatedata/internet/main/datacapture.cfg,templatedata/internet/main/data/hmd/about/visitus.dcr,templatedata/internet/main/presentation/nlm.tpl
http://www.nlm.nih.gov/hmd/explore-history.html,/iwmnt/default/main/nlm/WORKAREA/johnsonpd,htdocs/hmd/explore-history.html,templatedata/internet/main/datacapture.cfg,templatedata/internet/main/data/hmd/explore-history.dcr,templatedata/internet/main/presentation/nlm.tpl
http://www.nlm.nih.gov/hmd/help/reference/copyright.html,/iwmnt/default/main/nlm/WORKAREA/johnsonpd,htdocs/hmd/help/reference/copyright.html,templatedata/internet/main/datacapture.cfg,templatedata/internet/main/data/hmd/help/reference/copyright.dcr,templatedata/internet/main/presentation/nlm.tpl
http://www.nlm.nih.gov/hmd/index.html,/iwmnt/default/main/nlm/WORKAREA/johnsonpd,htdocs/hmd/index.html,templatedata/internet/main/datacapture.cfg,templatedata/internet/main/data/hmd/index.dcr,templatedata/internet/main/presentation/nlm.tpl
http://www.nlm.nih.gov/hmd/sitemap/index.html,/iwmnt/default/main/nlm/WORKAREA/johnsonpd,htdocs/hmd/sitemap/index.html,templatedata/internet/main/datacapture.cfg,templatedata/internet/main/data/hmd/sitemap/index.dcr,templatedata/internet/main/presentation/nlm.tpl
http://www.nlm.nih.gov/hsrph.html,/iwmnt/default/main/nlm/WORKAREA/johnsonpd,htdocs/hsrph.html,templatedata/internet/main/datacapture.cfg,templatedata/internet/main/data/hsrph.dcr,templatedata/internet/main/presentation/nlm.tpl
http://www.nlm.nih.gov/index.html,/iwmnt/default/main/nlm/WORKAREA/johnsonpd,htdocs/index.html,,,
http://www.nlm.nih.gov/learn-about-drugs.html,/iwmnt/default/main/nlm/WORKAREA/johnsonpd,htdocs/learn-about-drugs.html,templatedata/internet/main/datacapture.cfg,templatedata/internet/main/data/learn-about-drugs.dcr,templatedata/internet/main/presentation/nlm.tpl
http://www.nlm.nih.gov/libserv.html,/iwmnt/default/main/nlm/WORKAREA/johnsonpd,htdocs/libserv.html,templatedata/internet/main/datacapture.cfg,templatedata/internet/main/data/libserv.dcr,templatedata/internet/main/presentation/nlm.tpl
http://www.nlm.nih.gov/listserv/rss_podcasts.html,/iwmnt/default/main/nlm/WORKAREA/johnsonpd,htdocs/listserv/rss_podcasts.html,templatedata/internet/main/datacapture.cfg,templatedata/internet/main/data/listserv/rss_podcasts.dcr,templatedata/internet/main/presentation/nlm.tpl
http://www.nlm.nih.gov/medical-terms.html,/iwmnt/default/main/nlm/WORKAREA/johnsonpd,htdocs/medical-terms.html,templatedata/internet/main/datacapture.cfg,templatedata/internet/main/data/medical-terms.dcr,templatedata/internet/main/presentation/nlm.tpl
http://www.nlm.nih.gov/medlineplus/directorscomments.html,,,,,
http://www.nlm.nih.gov/medlineplus/healthtopics.html,,,,,
http://www.nlm.nih.gov/medlineplus/index.html,,,,,
http://www.nlm.nih.gov/medlineplus/magazine/issues/spring14/toc.html,,,,,
http://www.nlm.nih.gov/medlineplus/mplusdictionary.html,,,,,
http://www.nlm.nih.gov/mesh/MeshBrowser.html,/iwmnt/default/main/nlm/WORKAREA/johnsonpd,htdocs/mesh/MeshBrowser.html,templatedata/internet/redirectHTML/datacapture.cfg,templatedata/internet/redirectHTML/data/mesh/MeshBrowser~1.dcr,templatedata/internet/redirectHTML/presentation/redirectHTML.tpl
http://www.nlm.nih.gov/mobile/index.html,/iwmnt/default/main/nlm/WORKAREA/johnsonpd,htdocs/mobile/index.html,templatedata/internet/main/datacapture.cfg,templatedata/internet/main/data/mobile/index.dcr,templatedata/internet/main/presentation/nlm.tpl
http://www.nlm.nih.gov/nativevoices/index.html,/iwmnt/default/main/nlm/WORKAREA/johnsonpd,htdocs/nativevoices/index.html,,,
http://www.nlm.nih.gov/network.html,/iwmnt/default/main/nlm/WORKAREA/johnsonpd,htdocs/network.html,templatedata/internet/main/datacapture.cfg,templatedata/internet/main/data/network.dcr,templatedata/internet/main/presentation/nlm.tpl
http://www.nlm.nih.gov/news/aidsinfo_optimized.html,/iwmnt/default/main/nlm/WORKAREA/johnsonpd,htdocs/news/aidsinfo_optimized.html,templatedata/internet/main/datacapture.cfg,templatedata/internet/main/data/news/aidsinfo_optimized.dcr,templatedata/internet/main/presentation/nlm.tpl
http://www.nlm.nih.gov/news/cqm_value_sets.html,/iwmnt/default/main/nlm/WORKAREA/johnsonpd,htdocs/news/cqm_value_sets.html,templatedata/internet/main/datacapture.cfg,templatedata/internet/main/data/news/cqm_value_sets.dcr,templatedata/internet/main/presentation/nlm.tpl
http://www.nlm.nih.gov/news/leiter_lecture_sejnowski.html,/iwmnt/default/main/nlm/WORKAREA/johnsonpd,htdocs/news/leiter_lecture_sejnowski.html,templatedata/internet/main/datacapture.cfg,templatedata/internet/main/data/news/leiter_lecture_sejnowski.dcr,templatedata/internet/main/presentation/nlm.tpl
http://www.nlm.nih.gov/news/newsevents.html,/iwmnt/default/main/nlm/WORKAREA/johnsonpd,htdocs/news/newsevents.html,templatedata/internet/NewsAndEvents/datacapture.cfg,templatedata/internet/NewsAndEvents/data/news/newsevents.dcr,templatedata/internet/NewsAndEvents/presentation/NewsAndEvents.tpl
http://www.nlm.nih.gov/news/SymposiumVideos2014.html,/iwmnt/default/main/nlm/WORKAREA/johnsonpd,htdocs/news/SymposiumVideos2014.html,templatedata/internet/main/datacapture.cfg,templatedata/internet/main/data/news/SymposiumVideos2014.dcr,templatedata/internet/main/presentation/nlm.tpl
http://www.nlm.nih.gov/news/william_harless_death.html,/iwmnt/default/main/nlm/WORKAREA/johnsonpd,htdocs/news/william_harless_death.html,templatedata/internet/main/datacapture.cfg,templatedata/internet/main/data/news/william_harless_death.dcr,templatedata/internet/main/presentation/nlm.tpl
http://www.nlm.nih.gov/onlineexhibitions.html,/iwmnt/default/main/nlm/WORKAREA/johnsonpd,htdocs/onlineexhibitions.html,templatedata/internet/redirectHTML/datacapture.cfg,templatedata/internet/redirectHTML/data/onlineexhibitions.dcr,templatedata/internet/redirectHTML/presentation/redirectHTML.tpl
http://www.nlm.nih.gov/permlevels.html,/iwmnt/default/main/nlm/WORKAREA/johnsonpd,htdocs/permlevels.html,,,
http://www.nlm.nih.gov/plugins.html,/iwmnt/default/main/nlm/WORKAREA/johnsonpd,htdocs/plugins.html,templatedata/internet/main/datacapture.cfg,templatedata/internet/main/data/plugins.dcr,templatedata/internet/main/presentation/nlm.tpl
http://www.nlm.nih.gov/portals/publishers.html,/iwmnt/default/main/nlm/WORKAREA/johnsonpd,htdocs/portals/publishers.html,templatedata/internet/main/datacapture.cfg,templatedata/internet/main/data/portals/publishers.dcr,templatedata/internet/main/presentation/nlm.tpl
http://www.nlm.nih.gov/privacy.html,/iwmnt/default/main/nlm/WORKAREA/johnsonpd,htdocs/privacy.html,templatedata/internet/main/datacapture.cfg,templatedata/internet/main/data/privacy.dcr,templatedata/internet/main/presentation/nlm.tpl
http://www.nlm.nih.gov/pubs/factsheets/factsheets.html,/iwmnt/default/main/nlm/WORKAREA/johnsonpd,htdocs/pubs/factsheets/factsheets.html,templatedata/internet/main/datacapture.cfg,templatedata/internet/main/data/pubs/factsheets/factsheets.dcr,templatedata/internet/main/presentation/nlm.tpl
http://www.nlm.nih.gov/pubs/techbull/about.html,/iwmnt/default/main/nlm/WORKAREA/johnsonpd,htdocs/pubs/techbull/about.html,templatedata/techbulletins/genericV3/datacapture.cfg,templatedata/techbulletins/genericV3/data/pubs/techbull/about.dcr,templatedata/techbulletins/genericV3/presentation/simple.tpl
http://www.nlm.nih.gov/pubs/techbull/about_pm.html,/iwmnt/default/main/nlm/WORKAREA/johnsonpd,htdocs/pubs/techbull/about_pm.html,templatedata/techbulletins/genericV3/datacapture.cfg,templatedata/techbulletins/genericV3/data/pubs/techbull/about_pm.dcr,templatedata/techbulletins/genericV3/presentation/simple.tpl
http://www.nlm.nih.gov/pubs/techbull/about_sis.html,/iwmnt/default/main/nlm/WORKAREA/johnsonpd,htdocs/pubs/techbull/about_sis.html,templatedata/techbulletins/genericV3/datacapture.cfg,templatedata/techbulletins/genericV3/data/pubs/techbull/about_sis.dcr,templatedata/techbulletins/genericV3/presentation/simple.tpl
http://www.nlm.nih.gov/pubs/techbull/about_umls.html,/iwmnt/default/main/nlm/WORKAREA/johnsonpd,htdocs/pubs/techbull/about_umls.html,templatedata/techbulletins/genericV3/datacapture.cfg,templatedata/techbulletins/genericV3/data/pubs/techbull/about_umls.dcr,templatedata/techbulletins/genericV3/presentation/simple.tpl
http://www.nlm.nih.gov/pubs/techbull/back_issues.html,/iwmnt/default/main/nlm/WORKAREA/johnsonpd,htdocs/pubs/techbull/back_issues.html,templatedata/techbulletins/genericV3/datacapture.cfg,templatedata/techbulletins/genericV3/data/pubs/techbull/back_issues.dcr,templatedata/techbulletins/genericV3/presentation/simple.tpl
http://www.nlm.nih.gov/pubs/techbull/current_issue.html,/iwmnt/default/main/nlm/WORKAREA/johnsonpd,htdocs/pubs/techbull/current_issue.html,,,
http://www.nlm.nih.gov/pubs/techbull/ma14/ma14_mla_invite.html,/iwmnt/default/main/nlm/WORKAREA/johnsonpd,htdocs/pubs/techbull/ma14/ma14_mla_invite.html,templatedata/techbulletins/techarticleV3/datacapture.cfg,templatedata/techbulletins/techarticleV3/data/pubs/techbull/ma14/ma14_mla_invite.dcr,templatedata/techbulletins/techarticleV3/presentation/techarticle.tpl
http://www.nlm.nih.gov/pubs/techbull/mj14/brief/ma14_clinical_advisory.html,/iwmnt/default/main/nlm/WORKAREA/johnsonpd,htdocs/pubs/techbull/mj14/brief/ma14_clinical_advisory.html,templatedata/techbulletins/technoteV3/datacapture.cfg,templatedata/techbulletins/technoteV3/data/pubs/techbull/mj14/brief/ma14_clinical_advisory.dcr,templatedata/techbulletins/technoteV3/presentation/technote.tpl
http://www.nlm.nih.gov/pubs/techbull/mj14/brief/ma14_hsrproj_retire_nlm_gateway.html,/iwmnt/default/main/nlm/WORKAREA/johnsonpd,htdocs/pubs/techbull/mj14/brief/ma14_hsrproj_retire_nlm_gateway.html,templatedata/techbulletins/technoteV3/datacapture.cfg,templatedata/techbulletins/technoteV3/data/pubs/techbull/mj14/brief/ma14_hsrproj_retire_nlm_gateway.dcr,templatedata/techbulletins/technoteV3/presentation/technote.tpl
http://www.nlm.nih.gov/pubs/techbull/mj14/brief/mj14_sis_reprint_toxmap_update.html,/iwmnt/default/main/nlm/WORKAREA/johnsonpd,htdocs/pubs/techbull/mj14/brief/mj14_sis_reprint_toxmap_update.html,templatedata/techbulletins/technoteV3/datacapture.cfg,templatedata/techbulletins/technoteV3/data/pubs/techbull/mj14/brief/mj14_sis_reprint_toxmap_update.dcr,templatedata/techbulletins/technoteV3/presentation/technote.tpl
http://www.nlm.nih.gov/pubs/techbull/mj14/brief/mj14_sis_reprint_wiser_android_3_1.html,/iwmnt/default/main/nlm/WORKAREA/johnsonpd,htdocs/pubs/techbull/mj14/brief/mj14_sis_reprint_wiser_android_3_1.html,templatedata/techbulletins/technoteV3/datacapture.cfg,templatedata/techbulletins/technoteV3/data/pubs/techbull/mj14/brief/mj14_sis_reprint_wiser_android_3_1.dcr,templatedata/techbulletins/technoteV3/presentation/technote.tpl
http://www.nlm.nih.gov/pubs/techbull/mj14/brief/mj14_snomed_ct.html,/iwmnt/default/main/nlm/WORKAREA/johnsonpd,htdocs/pubs/techbull/mj14/brief/mj14_snomed_ct.html,templatedata/techbulletins/technoteV3/datacapture.cfg,templatedata/techbulletins/technoteV3/data/pubs/techbull/mj14/brief/mj14_snomed_ct.dcr,templatedata/techbulletins/technoteV3/presentation/technote.tpl
http://www.nlm.nih.gov/pubs/techbull/mj14/brief/mj14_umls_snomed_es.html,/iwmnt/default/main/nlm/WORKAREA/johnsonpd,htdocs/pubs/techbull/mj14/brief/mj14_umls_snomed_es.html,templatedata/techbulletins/technoteV3/datacapture.cfg,templatedata/techbulletins/technoteV3/data/pubs/techbull/mj14/brief/mj14_umls_snomed_es.dcr,templatedata/techbulletins/technoteV3/presentation/technote.tpl
http://www.nlm.nih.gov/pubs/techbull/mj14/mj14_daily_medline_pubmed_updates.html,/iwmnt/default/main/nlm/WORKAREA/johnsonpd,htdocs/pubs/techbull/mj14/mj14_daily_medline_pubmed_updates.html,templatedata/techbulletins/techarticleV3/datacapture.cfg,templatedata/techbulletins/techarticleV3/data/pubs/techbull/mj14/mj14_daily_medline_pubmed_updates.dcr,templatedata/techbulletins/techarticleV3/presentation/techarticle.tpl
http://www.nlm.nih.gov/pubs/techbull/mj14/mj14_mesh_on_demand.html,/iwmnt/default/main/nlm/WORKAREA/johnsonpd,htdocs/pubs/techbull/mj14/mj14_mesh_on_demand.html,templatedata/techbulletins/techarticleV3/datacapture.cfg,templatedata/techbulletins/techarticleV3/data/pubs/techbull/mj14/mj14_mesh_on_demand.dcr,templatedata/techbulletins/techarticleV3/presentation/techarticle.tpl
http://www.nlm.nih.gov/pubs/techbull/mj14/mj14_mla_docline.html,/iwmnt/default/main/nlm/WORKAREA/johnsonpd,htdocs/pubs/techbull/mj14/mj14_mla_docline.html,templatedata/techbulletins/techarticleV3/datacapture.cfg,templatedata/techbulletins/techarticleV3/data/pubs/techbull/mj14/mj14_mla_docline.dcr,templatedata/techbulletins/techarticleV3/presentation/techarticle.tpl
http://www.nlm.nih.gov/pubs/techbull/mj14/mj14_mla_theater_presentations.html,/iwmnt/default/main/nlm/WORKAREA/johnsonpd,htdocs/pubs/techbull/mj14/mj14_mla_theater_presentations.html,templatedata/techbulletins/techarticleV3/datacapture.cfg,templatedata/techbulletins/techarticleV3/data/pubs/techbull/mj14/mj14_mla_theater_presentations.dcr,templatedata/techbulletins/techarticleV3/presentation/techarticle.tpl
http://www.nlm.nih.gov/pubs/techbull/mj14/mj14_mplus_webservice.html,/iwmnt/default/main/nlm/WORKAREA/johnsonpd,htdocs/pubs/techbull/mj14/mj14_mplus_webservice.html,templatedata/techbulletins/techarticleV3/datacapture.cfg,templatedata/techbulletins/techarticleV3/data/pubs/techbull/mj14/mj14_mplus_webservice~1.dcr,templatedata/techbulletins/techarticleV3/presentation/techarticle.tpl
http://www.nlm.nih.gov/pubs/techbull/mj14/mj14_my_ncbi_sciencv2.html,/iwmnt/default/main/nlm/WORKAREA/johnsonpd,htdocs/pubs/techbull/mj14/mj14_my_ncbi_sciencv2.html,templatedata/techbulletins/techarticleV3/datacapture.cfg,templatedata/techbulletins/techarticleV3/data/pubs/techbull/mj14/mj14_my_ncbi_sciencv2.dcr,templatedata/techbulletins/techarticleV3/presentation/techarticle.tpl
http://www.nlm.nih.gov/pubs/techbull/mj14/mj14_new_granting_orgs.html,/iwmnt/default/main/nlm/WORKAREA/johnsonpd,htdocs/pubs/techbull/mj14/mj14_new_granting_orgs.html,templatedata/techbulletins/techarticleV3/datacapture.cfg,templatedata/techbulletins/techarticleV3/data/pubs/techbull/mj14/mj14_new_granting_orgs.dcr,templatedata/techbulletins/techarticleV3/presentation/techarticle.tpl
http://www.nlm.nih.gov/pubs/techbull/mj14/mj14_nlm_classification_2014.html,/iwmnt/default/main/nlm/WORKAREA/johnsonpd,htdocs/pubs/techbull/mj14/mj14_nlm_classification_2014.html,templatedata/techbulletins/techarticleV3/datacapture.cfg,templatedata/techbulletins/techarticleV3/data/pubs/techbull/mj14/mj14_nlm_classification_2014.dcr,templatedata/techbulletins/techarticleV3/presentation/techarticle.tpl
http://www.nlm.nih.gov/pubs/techbull/mj14/mj14_umls_2014aa_release.html,/iwmnt/default/main/nlm/WORKAREA/johnsonpd,htdocs/pubs/techbull/mj14/mj14_umls_2014aa_release.html,templatedata/techbulletins/techarticleV3/datacapture.cfg,templatedata/techbulletins/techarticleV3/data/pubs/techbull/mj14/mj14_umls_2014aa_release.dcr,templatedata/techbulletins/techarticleV3/presentation/techarticle.tpl
http://www.nlm.nih.gov/pubs/techbull/nd13/nd13_mesh.html,/iwmnt/default/main/nlm/WORKAREA/johnsonpd,htdocs/pubs/techbull/nd13/nd13_mesh.html,templatedata/techbulletins/techarticleV3/datacapture.cfg,templatedata/techbulletins/techarticleV3/data/pubs/techbull/nd13/nd13_mesh.dcr,templatedata/techbulletins/techarticleV3/presentation/techarticle.tpl
http://www.nlm.nih.gov/pubs/techbull/so13/brief/so13_author_affiliations.html,/iwmnt/default/main/nlm/WORKAREA/johnsonpd,htdocs/pubs/techbull/so13/brief/so13_author_affiliations.html,templatedata/techbulletins/technoteV3/datacapture.cfg,templatedata/techbulletins/technoteV3/data/pubs/techbull/so13/brief/so13_author_affiliations.dcr,templatedata/techbulletins/technoteV3/presentation/technote.tpl
http://www.nlm.nih.gov/pubs/techbull/stay_current.html,/iwmnt/default/main/nlm/WORKAREA/johnsonpd,htdocs/pubs/techbull/stay_current.html,templatedata/techbulletins/genericV3/datacapture.cfg,templatedata/techbulletins/genericV3/data/pubs/techbull/stay_current.dcr,templatedata/techbulletins/genericV3/presentation/simple.tpl
http://www.nlm.nih.gov/pubs/techbull/tb.html,/iwmnt/default/main/nlm/WORKAREA/johnsonpd,htdocs/pubs/techbull/tb.html,,,
http://www.nlm.nih.gov/pubs/techbull/tbindex1996/a_96.html,/iwmnt/default/main/nlm/WORKAREA/johnsonpd,htdocs/pubs/techbull/tbindex1996/a_96.html,templatedata/techbulletins/genericV3/datacapture.cfg,templatedata/techbulletins/genericV3/data/pubs/techbull/tbindex1996/a_96.dcr,templatedata/techbulletins/genericV3/presentation/simple.tpl
http://www.nlm.nih.gov/pubs/techbull/tbindex/a.html,/iwmnt/default/main/nlm/WORKAREA/johnsonpd,htdocs/pubs/techbull/tbindex/a.html,templatedata/techbulletins/genericV3/datacapture.cfg,templatedata/techbulletins/genericV3/data/pubs/techbull/tbindex/a.dcr,templatedata/techbulletins/genericV3/presentation/simple.tpl
http://www.nlm.nih.gov/regional-activities.html,/iwmnt/default/main/nlm/WORKAREA/johnsonpd,htdocs/regional-activities.html,templatedata/internet/main/datacapture.cfg,templatedata/internet/main/data/regional-activities.dcr,templatedata/internet/main/presentation/nlm.tpl
http://www.nlm.nih.gov/research/umls/index.html,/iwmnt/default/main/nlm/WORKAREA/johnsonpd,htdocs/research/umls/index.html,templatedata/internet/main/datacapture.cfg,templatedata/internet/main/data/research/umls/index~2.dcr,templatedata/internet/main/presentation/nlm.tpl
http://www.nlm.nih.gov/research/umls/quickstart.html,/iwmnt/default/main/nlm/WORKAREA/johnsonpd,htdocs/research/umls/quickstart.html,templatedata/internet/main/datacapture.cfg,templatedata/internet/main/data/research/umls/quickstart.dcr,templatedata/internet/main/presentation/nlm.tpl
http://www.nlm.nih.gov/research/umls/rxnorm/index.html,/iwmnt/default/main/nlm/WORKAREA/johnsonpd,htdocs/research/umls/rxnorm/index.html,templatedata/internet/main/datacapture.cfg,templatedata/internet/main/data/research/umls/rxnorm/rxnorm_main.dcr,templatedata/internet/main/presentation/nlm.tpl
http://www.nlm.nih.gov/robots.txt,,,,,
http://www.nlm.nih.gov/sitemap.html,/iwmnt/default/main/nlm/WORKAREA/johnsonpd,htdocs/sitemap.html,templatedata/internet/main/datacapture.cfg,templatedata/internet/main/data/sitemap.dcr,templatedata/internet/main/presentation/nlm.tpl
http://www.nlm.nih.gov/socialmedia/index.html,/iwmnt/default/main/nlm/WORKAREA/johnsonpd,htdocs/socialmedia/index.html,templatedata/internet/main/datacapture.cfg,templatedata/internet/main/data/socialmedia/index.dcr,templatedata/internet/main/presentation/nlm.tpl
http://www.nlm.nih.gov/training.html,/iwmnt/default/main/nlm/WORKAREA/johnsonpd,htdocs/training.html,templatedata/internet/main/datacapture.cfg,templatedata/internet/main/data/training.dcr,templatedata/internet/main/presentation/nlm.tpl
http://nihseniorhealth.gov/about.html,/iwmnt/default/main/nihseniorhealth/WORKAREA/johnsonpd,htdocs/about.html,templatedata/site/simple/datacapture.cfg,templatedata/site/simple/data/about.dcr,templatedata/site/simple/presentation/simple.tpl
http://nihseniorhealth.gov/accentHelp.html,/iwmnt/default/main/nihseniorhealth/WORKAREA/johnsonpd,htdocs/accentHelp.html,templatedata/site/simple/datacapture.cfg,templatedata/site/simple/data/accentHelp.dcr,templatedata/site/simple/presentation/simple.tpl
http://nihseniorhealth.gov/accessibility.html,/iwmnt/default/main/nihseniorhealth/WORKAREA/johnsonpd,htdocs/accessibility.html,templatedata/site/simple/datacapture.cfg,templatedata/site/simple/data/accessibility.dcr,templatedata/site/simple/presentation/simple.tpl
http://nihseniorhealth.gov/alpha.html,/iwmnt/default/main/nihseniorhealth/WORKAREA/johnsonpd,htdocs/alpha.html,,,
http://nihseniorhealth.gov/category/bonesandjoints.html,/iwmnt/default/main/nihseniorhealth/WORKAREA/johnsonpd,htdocs/category/bonesandjoints.html,,,
http://nihseniorhealth.gov/category/cancer.html,/iwmnt/default/main/nihseniorhealth/WORKAREA/johnsonpd,htdocs/category/cancer.html,,,
http://nihseniorhealth.gov/category/diseasesandconditions.html,/iwmnt/default/main/nihseniorhealth/WORKAREA/johnsonpd,htdocs/category/diseasesandconditions.html,,,
http://nihseniorhealth.gov/category/healthyaging.html,/iwmnt/default/main/nihseniorhealth/WORKAREA/johnsonpd,htdocs/category/healthyaging.html,,,
http://nihseniorhealth.gov/category/heartandlungs.html,/iwmnt/default/main/nihseniorhealth/WORKAREA/johnsonpd,htdocs/category/heartandlungs.html,,,
http://nihseniorhealth.gov/category/memoryandmentalhealth.html,/iwmnt/default/main/nihseniorhealth/WORKAREA/johnsonpd,htdocs/category/memoryandmentalhealth.html,,,
http://nihseniorhealth.gov/category/treatmentsandtherapies.html,/iwmnt/default/main/nihseniorhealth/WORKAREA/johnsonpd,htdocs/category/treatmentsandtherapies.html,,,
http://nihseniorhealth.gov/category/visionandhearing.html,/iwmnt/default/main/nihseniorhealth/WORKAREA/johnsonpd,htdocs/category/visionandhearing.html,,,
http://nihseniorhealth.gov/copyright.html,/iwmnt/default/main/nihseniorhealth/WORKAREA/johnsonpd,htdocs/copyright.html,templatedata/site/simple/datacapture.cfg,templatedata/site/simple/data/copyright.dcr,templatedata/site/simple/presentation/simple.tpl
http://nihseniorhealth.gov/endoflife/index.html,/iwmnt/default/main/nihseniorhealth/WORKAREA/johnsonpd,htdocs/endoflife/index.html,,,
http://nihseniorhealth.gov/index.html,/iwmnt/default/main/nihseniorhealth/WORKAREA/johnsonpd,htdocs/index.html,templatedata/site/homepage/datacapture.cfg,templatedata/site/homepage/data/index.dcr,templatedata/site/homepage/presentation/homepage.tpl
http://nihseniorhealth.gov/privacy.html,/iwmnt/default/main/nihseniorhealth/WORKAREA/johnsonpd,htdocs/privacy.html,templatedata/site/simple/datacapture.cfg,templatedata/site/simple/data/privacy.dcr,templatedata/site/simple/presentation/simple.tpl
http://nihseniorhealth.gov/siteindex.html,/iwmnt/default/main/nihseniorhealth/WORKAREA/johnsonpd,htdocs/siteindex.html,templatedata/site/simple/datacapture.cfg,templatedata/site/simple/data/siteindex.dcr,templatedata/site/simple/presentation/simple.tpl
http://nihseniorhealth.gov/stories/stories.html,/iwmnt/default/main/nihseniorhealth/WORKAREA/johnsonpd,htdocs/stories/stories.html,templatedata/topic/storiestoc/datacapture.cfg,templatedata/topic/storiestoc/data/stories/stories.dcr,templatedata/topic/storiestoc/presentation/storiestoc.tpl
http://nihseniorhealth.gov/toolkit/toolkit.html,/iwmnt/default/main/nihseniorhealth/WORKAREA/johnsonpd,htdocs/toolkit/toolkit.html,templatedata/site/simple/datacapture.cfg,templatedata/site/simple/data/toolkit/toolkit.dcr,templatedata/site/simple/presentation/simple.tpl
http://nihseniorhealth.gov/videolist.html,/iwmnt/default/main/nihseniorhealth/WORKAREA/johnsonpd,htdocs/videolist.html,templatedata/site/simple/datacapture.cfg,templatedata/site/simple/data/videolist.dcr,templatedata/site/simple/presentation/simple.tpl
